method,accuracy_test,f1_macro_test
class_weight,0.9692671394799054,0.9688676324518898
smote_or_oversample,0.9739952718676123,0.9735953945121053
