{
  "cv_class_weight": {
    "accuracy": {
      "mean": 0.9691886292205855,
      "std": 0.006131754112847217
    },
    "precision_macro": {
      "mean": 0.9697549958194311,
      "std": 0.005395228241076814
    },
    "recall_macro": {
      "mean": 0.9685610391193616,
      "std": 0.006150084508261821
    },
    "f1_macro": {
      "mean": 0.9684156389237184,
      "std": 0.006147157967459607
    }
  },
  "cv_smote": {
    "accuracy": {
      "mean": 0.9691868733868276,
      "std": 0.0071970175724733795
    },
    "precision_macro": {
      "mean": 0.9695912657712773,
      "std": 0.007516892154912578
    },
    "recall_macro": {
      "mean": 0.9689138670619026,
      "std": 0.007413881927304026
    },
    "f1_macro": {
      "mean": 0.96864610237235,
      "std": 0.007492301266401105
    }
  },
  "test_class_weight_report": {
    "Insufficient_Weight": {
      "precision": 1.0,
      "recall": 0.9814814814814815,
      "f1-score": 0.9906542056074766,
      "support": 54.0
    },
    "Normal_Weight": {
      "precision": 0.8636363636363636,
      "recall": 0.9827586206896551,
      "f1-score": 0.9193548387096774,
      "support": 58.0
    },
    "Obesity_Type_I": {
      "precision": 0.9722222222222222,
      "recall": 1.0,
      "f1-score": 0.9859154929577465,
      "support": 70.0
    },
    "Obesity_Type_II": {
      "precision": 1.0,
      "recall": 0.9666666666666667,
      "f1-score": 0.9830508474576272,
      "support": 60.0
    },
    "Obesity_Type_III": {
      "precision": 1.0,
      "recall": 0.9846153846153847,
      "f1-score": 0.9922480620155039,
      "support": 65.0
    },
    "Overweight_Level_I": {
      "precision": 0.9811320754716981,
      "recall": 0.896551724137931,
      "f1-score": 0.9369369369369369,
      "support": 58.0
    },
    "Overweight_Level_II": {
      "precision": 0.9824561403508771,
      "recall": 0.9655172413793104,
      "f1-score": 0.9739130434782609,
      "support": 58.0
    },
    "accuracy": 0.9692671394799054,
    "macro avg": {
      "precision": 0.9713495430973088,
      "recall": 0.9682273027100614,
      "f1-score": 0.9688676324518898,
      "support": 423.0
    },
    "weighted avg": {
      "precision": 0.9717129578349267,
      "recall": 0.9692671394799054,
      "f1-score": 0.969599210396109,
      "support": 423.0
    }
  },
  "test_class_weight_confusion": [
    [
      53,
      1,
      0,
      0,
      0,
      0,
      0
    ],
    [
      0,
      57,
      0,
      0,
      0,
      1,
      0
    ],
    [
      0,
      0,
      70,
      0,
      0,
      0,
      0
    ],
    [
      0,
      0,
      2,
      58,
      0,
      0,
      0
    ],
    [
      0,
      1,
      0,
      0,
      64,
      0,
      0
    ],
    [
      0,
      5,
      0,
      0,
      0,
      52,
      1
    ],
    [
      0,
      2,
      0,
      0,
      0,
      0,
      56
    ]
  ],
  "test_smote_report": {
    "Insufficient_Weight": {
      "precision": 1.0,
      "recall": 1.0,
      "f1-score": 1.0,
      "support": 54.0
    },
    "Normal_Weight": {
      "precision": 0.8769230769230769,
      "recall": 0.9827586206896551,
      "f1-score": 0.926829268292683,
      "support": 58.0
    },
    "Obesity_Type_I": {
      "precision": 0.9857142857142858,
      "recall": 0.9857142857142858,
      "f1-score": 0.9857142857142858,
      "support": 70.0
    },
    "Obesity_Type_II": {
      "precision": 1.0,
      "recall": 0.9833333333333333,
      "f1-score": 0.9915966386554622,
      "support": 60.0
    },
    "Obesity_Type_III": {
      "precision": 1.0,
      "recall": 1.0,
      "f1-score": 1.0,
      "support": 65.0
    },
    "Overweight_Level_I": {
      "precision": 0.9629629629629629,
      "recall": 0.896551724137931,
      "f1-score": 0.9285714285714286,
      "support": 58.0
    },
    "Overweight_Level_II": {
      "precision": 1.0,
      "recall": 0.9655172413793104,
      "f1-score": 0.9824561403508771,
      "support": 58.0
    },
    "accuracy": 0.9739952718676123,
    "macro avg": {
      "precision": 0.9750857608000466,
      "recall": 0.973410743607788,
      "f1-score": 0.9735953945121053,
      "support": 423.0
    },
    "weighted avg": {
      "precision": 0.9756817737905208,
      "recall": 0.9739952718676123,
      "f1-score": 0.9742115718151232,
      "support": 423.0
    }
  },
  "test_smote_confusion": [
    [
      54,
      0,
      0,
      0,
      0,
      0,
      0
    ],
    [
      0,
      57,
      0,
      0,
      0,
      1,
      0
    ],
    [
      0,
      1,
      69,
      0,
      0,
      0,
      0
    ],
    [
      0,
      0,
      1,
      59,
      0,
      0,
      0
    ],
    [
      0,
      0,
      0,
      0,
      65,
      0,
      0
    ],
    [
      0,
      6,
      0,
      0,
      0,
      52,
      0
    ],
    [
      0,
      1,
      0,
      0,
      0,
      1,
      56
    ]
  ],
  "per_group_cw": {
    "Female": {
      "accuracy": 0.9619047619047619,
      "precision_macro": 0.9541459216915608,
      "recall_macro": 0.9502765752765754,
      "f1_macro": 0.950459570396112,
      "support": 210
    },
    "Male": {
      "accuracy": 0.9765258215962441,
      "precision_macro": 0.8364338364338365,
      "recall_macro": 0.8401731601731601,
      "f1_macro": 0.8377128635488581,
      "support": 213
    }
  },
  "per_group_sm": {
    "Female": {
      "accuracy": 0.9619047619047619,
      "precision_macro": 0.9585858585858587,
      "recall_macro": 0.9502765752765754,
      "f1_macro": 0.9525518768527448,
      "support": 210
    },
    "Male": {
      "accuracy": 0.9859154929577465,
      "precision_macro": 0.9869897959183673,
      "recall_macro": 0.9878231292517007,
      "f1_macro": 0.9871941403289427,
      "support": 213
    }
  },
  "smote_available": false,
  "target_column": "Obesity",
  "group_column": "Gender"
}