{
  "bmi_only": {
    "report": {
      "Insufficient_Weight": {
        "precision": 1.0,
        "recall": 0.9814814814814815,
        "f1-score": 0.9906542056074766,
        "support": 54.0
      },
      "Normal_Weight": {
        "precision": 0.9508196721311475,
        "recall": 1.0,
        "f1-score": 0.9747899159663865,
        "support": 58.0
      },
      "Obesity_Type_I": {
        "precision": 0.9722222222222222,
        "recall": 1.0,
        "f1-score": 0.9859154929577465,
        "support": 70.0
      },
      "Obesity_Type_II": {
        "precision": 0.9090909090909091,
        "recall": 1.0,
        "f1-score": 0.9523809523809523,
        "support": 60.0
      },
      "Obesity_Type_III": {
        "precision": 1.0,
        "recall": 0.9076923076923077,
        "f1-score": 0.9516129032258065,
        "support": 65.0
      },
      "Overweight_Level_I": {
        "precision": 0.9818181818181818,
        "recall": 0.9310344827586207,
        "f1-score": 0.9557522123893806,
        "support": 58.0
      },
      "Overweight_Level_II": {
        "precision": 0.9649122807017544,
        "recall": 0.9482758620689655,
        "f1-score": 0.9565217391304348,
        "support": 58.0
      },
      "accuracy": 0.966903073286052,
      "macro avg": {
        "precision": 0.9684090379948878,
        "recall": 0.9669263048573393,
        "f1-score": 0.9668039173797405,
        "support": 423.0
      },
      "weighted avg": {
        "precision": 0.968460798843435,
        "recall": 0.966903073286052,
        "f1-score": 0.9668009734670928,
        "support": 423.0
      }
    },
    "confusion_matrix": [
      [
        53,
        1,
        0,
        0,
        0,
        0,
        0
      ],
      [
        0,
        58,
        0,
        0,
        0,
        0,
        0
      ],
      [
        0,
        0,
        70,
        0,
        0,
        0,
        0
      ],
      [
        0,
        0,
        0,
        60,
        0,
        0,
        0
      ],
      [
        0,
        0,
        0,
        6,
        59,
        0,
        0
      ],
      [
        0,
        2,
        0,
        0,
        0,
        54,
        2
      ],
      [
        0,
        0,
        2,
        0,
        0,
        1,
        55
      ]
    ],
    "accuracy": 0.966903073286052,
    "f1_macro": 0.9668039173797405
  },
  "multi_no_bmi": {
    "report": {
      "Insufficient_Weight": {
        "precision": 1.0,
        "recall": 0.9259259259259259,
        "f1-score": 0.9615384615384616,
        "support": 54.0
      },
      "Normal_Weight": {
        "precision": 0.7536231884057971,
        "recall": 0.896551724137931,
        "f1-score": 0.8188976377952756,
        "support": 58.0
      },
      "Obesity_Type_I": {
        "precision": 0.9436619718309859,
        "recall": 0.9571428571428572,
        "f1-score": 0.950354609929078,
        "support": 70.0
      },
      "Obesity_Type_II": {
        "precision": 1.0,
        "recall": 0.9833333333333333,
        "f1-score": 0.9915966386554622,
        "support": 60.0
      },
      "Obesity_Type_III": {
        "precision": 1.0,
        "recall": 0.9846153846153847,
        "f1-score": 0.9922480620155039,
        "support": 65.0
      },
      "Overweight_Level_I": {
        "precision": 0.875,
        "recall": 0.8448275862068966,
        "f1-score": 0.8596491228070176,
        "support": 58.0
      },
      "Overweight_Level_II": {
        "precision": 0.9629629629629629,
        "recall": 0.896551724137931,
        "f1-score": 0.9285714285714286,
        "support": 58.0
      },
      "accuracy": 0.9290780141843972,
      "macro avg": {
        "precision": 0.9336068747428208,
        "recall": 0.9269926479286086,
        "f1-score": 0.928979423044604,
        "support": 423.0
      },
      "weighted avg": {
        "precision": 0.9346769144386692,
        "recall": 0.9290780141843972,
        "f1-score": 0.9306209856749971,
        "support": 423.0
      }
    },
    "confusion_matrix": [
      [
        50,
        4,
        0,
        0,
        0,
        0,
        0
      ],
      [
        0,
        52,
        0,
        0,
        0,
        5,
        1
      ],
      [
        0,
        2,
        67,
        0,
        0,
        0,
        1
      ],
      [
        0,
        0,
        1,
        59,
        0,
        0,
        0
      ],
      [
        0,
        1,
        0,
        0,
        64,
        0,
        0
      ],
      [
        0,
        8,
        1,
        0,
        0,
        49,
        0
      ],
      [
        0,
        2,
        2,
        0,
        0,
        2,
        52
      ]
    ],
    "accuracy": 0.9290780141843972,
    "f1_macro": 0.928979423044604
  }
}