{
  "name": "bmi_only",
  "best_params": {
    "clf__max_depth": 5,
    "clf__n_estimators": 100
  },
  "accuracy": 0.966903073286052,
  "f1_macro": 0.9668039173797405,
  "report": {
    "Insufficient_Weight": {
      "precision": 1.0,
      "recall": 0.9814814814814815,
      "f1-score": 0.9906542056074766,
      "support": 54.0
    },
    "Normal_Weight": {
      "precision": 0.9508196721311475,
      "recall": 1.0,
      "f1-score": 0.9747899159663865,
      "support": 58.0
    },
    "Obesity_Type_I": {
      "precision": 0.9722222222222222,
      "recall": 1.0,
      "f1-score": 0.9859154929577465,
      "support": 70.0
    },
    "Obesity_Type_II": {
      "precision": 0.9090909090909091,
      "recall": 1.0,
      "f1-score": 0.9523809523809523,
      "support": 60.0
    },
    "Obesity_Type_III": {
      "precision": 1.0,
      "recall": 0.9076923076923077,
      "f1-score": 0.9516129032258065,
      "support": 65.0
    },
    "Overweight_Level_I": {
      "precision": 0.9818181818181818,
      "recall": 0.9310344827586207,
      "f1-score": 0.9557522123893806,
      "support": 58.0
    },
    "Overweight_Level_II": {
      "precision": 0.9649122807017544,
      "recall": 0.9482758620689655,
      "f1-score": 0.9565217391304348,
      "support": 58.0
    },
    "accuracy": 0.966903073286052,
    "macro avg": {
      "precision": 0.9684090379948878,
      "recall": 0.9669263048573393,
      "f1-score": 0.9668039173797405,
      "support": 423.0
    },
    "weighted avg": {
      "precision": 0.968460798843435,
      "recall": 0.966903073286052,
      "f1-score": 0.9668009734670928,
      "support": 423.0
    }
  },
  "confusion_matrix": [
    [
      53,
      1,
      0,
      0,
      0,
      0,
      0
    ],
    [
      0,
      58,
      0,
      0,
      0,
      0,
      0
    ],
    [
      0,
      0,
      70,
      0,
      0,
      0,
      0
    ],
    [
      0,
      0,
      0,
      60,
      0,
      0,
      0
    ],
    [
      0,
      0,
      0,
      6,
      59,
      0,
      0
    ],
    [
      0,
      2,
      0,
      0,
      0,
      54,
      2
    ],
    [
      0,
      0,
      2,
      0,
      0,
      1,
      55
    ]
  ]
}