{
  "name": "multi_no_bmi",
  "best_params": {
    "clf__max_depth": null,
    "clf__n_estimators": 100
  },
  "accuracy": 0.9290780141843972,
  "f1_macro": 0.928979423044604,
  "report": {
    "Insufficient_Weight": {
      "precision": 1.0,
      "recall": 0.9259259259259259,
      "f1-score": 0.9615384615384616,
      "support": 54.0
    },
    "Normal_Weight": {
      "precision": 0.7536231884057971,
      "recall": 0.896551724137931,
      "f1-score": 0.8188976377952756,
      "support": 58.0
    },
    "Obesity_Type_I": {
      "precision": 0.9436619718309859,
      "recall": 0.9571428571428572,
      "f1-score": 0.950354609929078,
      "support": 70.0
    },
    "Obesity_Type_II": {
      "precision": 1.0,
      "recall": 0.9833333333333333,
      "f1-score": 0.9915966386554622,
      "support": 60.0
    },
    "Obesity_Type_III": {
      "precision": 1.0,
      "recall": 0.9846153846153847,
      "f1-score": 0.9922480620155039,
      "support": 65.0
    },
    "Overweight_Level_I": {
      "precision": 0.875,
      "recall": 0.8448275862068966,
      "f1-score": 0.8596491228070176,
      "support": 58.0
    },
    "Overweight_Level_II": {
      "precision": 0.9629629629629629,
      "recall": 0.896551724137931,
      "f1-score": 0.9285714285714286,
      "support": 58.0
    },
    "accuracy": 0.9290780141843972,
    "macro avg": {
      "precision": 0.9336068747428208,
      "recall": 0.9269926479286086,
      "f1-score": 0.928979423044604,
      "support": 423.0
    },
    "weighted avg": {
      "precision": 0.9346769144386692,
      "recall": 0.9290780141843972,
      "f1-score": 0.9306209856749971,
      "support": 423.0
    }
  },
  "confusion_matrix": [
    [
      50,
      4,
      0,
      0,
      0,
      0,
      0
    ],
    [
      0,
      52,
      0,
      0,
      0,
      5,
      1
    ],
    [
      0,
      2,
      67,
      0,
      0,
      0,
      1
    ],
    [
      0,
      0,
      1,
      59,
      0,
      0,
      0
    ],
    [
      0,
      1,
      0,
      0,
      64,
      0,
      0
    ],
    [
      0,
      8,
      1,
      0,
      0,
      49,
      0
    ],
    [
      0,
      2,
      2,
      0,
      0,
      2,
      52
    ]
  ]
}