{
  "accuracy": 0.9692671394799054,
  "report": {
    "Insufficient_Weight": {
      "precision": 1.0,
      "recall": 0.9814814814814815,
      "f1-score": 0.9906542056074766,
      "support": 54.0
    },
    "Normal_Weight": {
      "precision": 0.9666666666666667,
      "recall": 1.0,
      "f1-score": 0.9830508474576272,
      "support": 58.0
    },
    "Obesity_Type_I": {
      "precision": 0.9722222222222222,
      "recall": 1.0,
      "f1-score": 0.9859154929577465,
      "support": 70.0
    },
    "Obesity_Type_II": {
      "precision": 0.9090909090909091,
      "recall": 1.0,
      "f1-score": 0.9523809523809523,
      "support": 60.0
    },
    "Obesity_Type_III": {
      "precision": 1.0,
      "recall": 0.9076923076923077,
      "f1-score": 0.9516129032258065,
      "support": 65.0
    },
    "Overweight_Level_I": {
      "precision": 0.9821428571428571,
      "recall": 0.9482758620689655,
      "f1-score": 0.9649122807017544,
      "support": 58.0
    },
    "Overweight_Level_II": {
      "precision": 0.9649122807017544,
      "recall": 0.9482758620689655,
      "f1-score": 0.9565217391304348,
      "support": 58.0
    },
    "accuracy": 0.9692671394799054,
    "macro avg": {
      "precision": 0.9707192765463442,
      "recall": 0.9693893590445314,
      "f1-score": 0.9692926316373998,
      "support": 423.0
    },
    "weighted avg": {
      "precision": 0.9706781909282842,
      "recall": 0.9692671394799054,
      "f1-score": 0.9691896684756263,
      "support": 423.0
    }
  },
  "confusion_matrix": [
    [
      53,
      1,
      0,
      0,
      0,
      0,
      0
    ],
    [
      0,
      58,
      0,
      0,
      0,
      0,
      0
    ],
    [
      0,
      0,
      70,
      0,
      0,
      0,
      0
    ],
    [
      0,
      0,
      0,
      60,
      0,
      0,
      0
    ],
    [
      0,
      0,
      0,
      6,
      59,
      0,
      0
    ],
    [
      0,
      1,
      0,
      0,
      0,
      55,
      2
    ],
    [
      0,
      0,
      2,
      0,
      0,
      1,
      55
    ]
  ],
  "per_group": {
    "Female": {
      "Insufficient_Weight": {
        "precision": 1.0,
        "recall": 1.0,
        "f1-score": 1.0,
        "support": 32.0
      },
      "Normal_Weight": {
        "precision": 0.9655172413793104,
        "recall": 1.0,
        "f1-score": 0.9824561403508771,
        "support": 28.0
      },
      "Obesity_Type_I": {
        "precision": 0.9722222222222222,
        "recall": 1.0,
        "f1-score": 0.9859154929577465,
        "support": 35.0
      },
      "Obesity_Type_II": {
        "precision": 0.0,
        "recall": 0.0,
        "f1-score": 0.0,
        "support": 0.0
      },
      "Obesity_Type_III": {
        "precision": 1.0,
        "recall": 0.90625,
        "f1-score": 0.9508196721311475,
        "support": 64.0
      },
      "Overweight_Level_I": {
        "precision": 0.967741935483871,
        "recall": 0.9090909090909091,
        "f1-score": 0.9375,
        "support": 33.0
      },
      "Overweight_Level_II": {
        "precision": 0.8888888888888888,
        "recall": 0.8888888888888888,
        "f1-score": 0.8888888888888888,
        "support": 18.0
      },
      "accuracy": 0.9476190476190476,
      "macro avg": {
        "precision": 0.8277671839963274,
        "recall": 0.8148899711399711,
        "f1-score": 0.82079717061838,
        "support": 210.0
      },
      "weighted avg": {
        "precision": 0.9761797352731725,
        "recall": 0.9476190476190476,
        "f1-score": 0.96097987237971,
        "support": 210.0
      }
    },
    "Male": {
      "Insufficient_Weight": {
        "precision": 1.0,
        "recall": 0.9545454545454546,
        "f1-score": 0.9767441860465116,
        "support": 22.0
      },
      "Normal_Weight": {
        "precision": 0.967741935483871,
        "recall": 1.0,
        "f1-score": 0.9836065573770492,
        "support": 30.0
      },
      "Obesity_Type_I": {
        "precision": 0.9722222222222222,
        "recall": 1.0,
        "f1-score": 0.9859154929577465,
        "support": 35.0
      },
      "Obesity_Type_II": {
        "precision": 1.0,
        "recall": 1.0,
        "f1-score": 1.0,
        "support": 60.0
      },
      "Obesity_Type_III": {
        "precision": 1.0,
        "recall": 1.0,
        "f1-score": 1.0,
        "support": 1.0
      },
      "Overweight_Level_I": {
        "precision": 1.0,
        "recall": 1.0,
        "f1-score": 1.0,
        "support": 25.0
      },
      "Overweight_Level_II": {
        "precision": 1.0,
        "recall": 0.975,
        "f1-score": 0.9873417721518988,
        "support": 40.0
      },
      "accuracy": 0.9906103286384976,
      "macro avg": {
        "precision": 0.9914234511008705,
        "recall": 0.989935064935065,
        "f1-score": 0.9905154297904579,
        "support": 213.0
      },
      "weighted avg": {
        "precision": 0.990892187053023,
        "recall": 0.9906103286384976,
        "f1-score": 0.9905975678588348,
        "support": 213.0
      }
    }
  },
  "best_params": "{'clf': RandomForestClassifier(class_weight='balanced', n_jobs=-1, random_state=42), 'clf__max_depth': 5, 'clf__n_estimators': 100}"
}